n,c,l,k,dataset,sketch_method,compute_time,parallel_time,rel_error,memory_gb,t_sketch,t_C_matmul,t_C_reduce,t_B_matmul,t_B_allreduce,t_C_gather,t_factorization,t_parallel_kernel
10000,100000.0,2000,500,msd,gaussian,19.714279388,5.832179591,,0.7450580596923828,0.43313860299999996,4.093377743,0.06141984300000036,1.6279601650000002,0.04942183999999994,0.06360435900000017,13.270640801999999,5.832179591
